活动 ID,活动日期,活动名称,活动类型,活动描述,全程耗时,距离,最大心率,相对负荷度,通勤,活动隐私说明,活动装备,文件名,运动达人体重,自行车重量,全程耗时,移动时间,距离,最大速度,平均速度,海拔爬升,降低海拔,低海拔,高海拔,最大坡度,平均坡度,平均坡度（正值）,平均坡度（负值）,最大踏频,平均踏频,最大心率,平均心率,最大瓦特数,平均瓦特数,卡路里,最高温度,平均温度,相对负荷度,总功,跑步次数,上坡时间,下坡时间,其它时间,感知负荷度,类型,开始时间,加权平均功率,功率计数,使用感知负荷度,感知的相对负荷度,通勤,举起的总重量,来自上传的活动,坡度调整距离,天气观测时间,天气状况,气温,表观温度,露点,潮湿,气压,风速,阵风,风向,降水强度,日出时间,日落时间,月相,自行车,装备,降水概率,降水类型,云盖,天气能见度,紫外线指数,臭氧预报数据,跳跃次数,总砂砾量,平均流量,已标记,平均经过速度,砾石路骑行距离,最近探索的距离,最近探索的泥土距离,活动数量,总步数,碳减排量,池长度,训练负荷,强度,坡度调整后平均配速,计时器时间,总骑行数,恢复,与宠同行,竞争,长跑,有意义,带着小孩,下坡距离,总组数,总次数,媒体
20058641549,2026年9月6日 10:12:40,温榆河绕圈后溜达骑,骑行,,1072,5,146,6,FALSE,,CAMP sr5,activities/21201617664.fit.gz,,10,1072,879,5003.1,9.6,5.692,5,7,8,19,36.4,0.1,,,93,70,146,132,,103,146,,28,6,,,,,,,,,,,,,0,,1,,,,,,,,,,,,,,,,15903493,,,,,,,,,,,,4.667,0,,,,,0,,,,,,,,,,,,,,,,
20058641498,2026年9月6日 08:26:23,温榆河绕圈,骑行,,5968,40.2,166,115,FALSE,,CAMP sr5,activities/21201617601.fit.gz,,10,5968,5520,40207.5,14.34,7.284,14,13,-19,22,41.2,0,,,102,81,166,148,,138,1231,,27,115,,,,,,,,,,,0,,0,,1,,,,,,,,,,,,,,,,15903493,,,,,,,,,,,,6.737,0,,,,,0,,,,,,,,,,,,,,,,
19957826436,2026年8月30日 04:11:39,辐条断一根后溜达骑,骑行,,7210,32.09,143,19,FALSE,,CAMP sr5,activities/21095323649.fit.gz,,10,7210,5697,32092.5,20.529,5.633,46,46,4,43,40.7,-0.1,,,92,69,143,116,,89,918,,34,19,,,,,,,,,,,,,0,,1,,,,,,,,,,,,,,,,15903493,,,,,,,,,,,,4.451,0,,,,,0,,,,,,,,,,,,,,,,
19945922153,2026年8月28日 22:23:25,大杨山-望百路-黑山寨烤肉-安四路,骑行,转了一圈，吃了烤肉，大杨山风景太美了。黑山寨的烤肉也不错。,38839,147.3,186,450,FALSE,,CAMP sr5,activities/21083056336.fit.gz,,10,38839,22924,147307.5,17.06,6.426,775,749,4,429,49.6,0,,,111,73,186,148,,124,4566,,27,450,,,,,,,,,,,0,,0,,1,,,,,,,,,,,,,,,,15903493,,,,,,,,,,,,3.793,0,,,,,0,,,,,,,,,,,,,,,,
19793830345,2026年8月18日 11:28:25,机场东路有氧 平均心率138,骑行,,6165,41.42,169,63,FALSE,,CAMP sr5,activities/20926861189.fit.gz,,10,6165,5800,41419.9,10.96,7.141,38,40,3,29,28,0,,,99,78,169,138,,126,1292,,25,63,,,,,,,,,,,0,,0,,1,,,,,,,,,,,,,,,,15903493,,,,,,,,,,,,6.719,0,,,,,0,,,,,,,,,,,,,,,,
19766221137,2026年8月16日 09:01:41,温榆河绕圈??2+机场东路有氧,骑行,,13127,87.69,166,225,FALSE,,CAMP sr5,activities/20898459132.fit.gz,,10,13127,12339,87694.9,9.84,7.107,53,59,-9,32,42,0,,,101,80,166,146,,127,2681,,23,225,,,,,,,,,,,0,,0,,1,,,,,,,,,,,,,,,,15903493,,,,,,,,,,,,6.68,0,,,,,0,,,,,,,,,,,,,,,,
19669469796,2026年8月8日 22:47:15,戒台寺-潭王路-妙峰山3连击,骑行,,55894,210.28,186,708,FALSE,,CAMP sr5,activities/20798438204.fit.gz,,10,55894,36039,210288.3,16.28,5.835,1825,1789,11,1025,48.5,0,,,121,72,186,146,,125,6550,,27,708,,,,,,,,,,,0,,0,,1,,,,,,,,,,,,,,,,15903493,,,,,,,,,,,,3.762,0,,,,,0,,,,,,,,,,,,,,,,
19612434735,2026年8月5日 11:36:19,机场东路有氧40公里,骑行,去程休闲骑，返程被一个穿红牛博拉队服的小子超了，猛蹬将其反超并且拉爆他。拉爆别人的感觉好爽啊??,5853,40.04,183,102,FALSE,,CAMP sr5,activities/20739081082.fit.gz,,10,5853,5623,40041.2,11.4,7.121,37,39,-8,38,19.9,0,,,112,80,183,147,,128,1261,,30,102,,,,,,,,,,,0,,0,,1,,,,,,,,,,,,,,,,15903493,,,,,,,,,,,,6.841,0,,,,,0,,,,,,,,,,,,,,,,
19558158680,2026年7月31日 22:18:54,环密云水库100公里+160公里通州往返,骑行,3周没骑车，被好兄弟拉爆的一天,63122,260.07,186,807,FALSE,,CAMP sr5,activities/20682740350.fit.gz,,10,63122,41664,260073.8,15.36,6.242,1259,1272,4,267,49.5,0,,,129,71,186,147,,114,8044,,30,807,,,,,,,,,,,0,,0,,1,,,,,,,,,,,,,,,,15903493,,,,,,,,,,,,4.12,0,,,,,0,,,,,,,,,,,,,,,,
19280334783,2026年7月12日 08:05:18,温榆河绕圈×3,骑行,,10258,71.14,179,220,FALSE,,CAMP sr5,activities/20398458137.fit.gz,,10,10258,9507,71147.3,10.9,7.484,18,19,-9,33,49.2,0,,,102,83,179,152,,148,2194,,27,220,,,,,,,,,,,0,,0,,1,,,,,,,,,,,,,,,,15903493,,,,,,,,,,,,6.936,0,,,,,0,,,,,,,,,,,,,,,,
19264736948,2026年7月11日 05:14:24,温榆河绕圈x2,骑行,,8455,60.04,176,215,FALSE,,CAMP sr5,activities/20382582494.fit.gz,,10,8455,7991,60044.6,11.92,7.514,17,19,-10,29,25.9,0,,,105,84,176,155,,144,1825,,26,215,,,,,,,,,,,0,,0,,1,,,,,,,,,,,,,,,,15903493,,,,,,,,,,,,7.102,0,,,,,0,,,,,,,,,,,,,,,,
19228677938,2026年7月8日 11:32:50,机场东路-有氧41公里,骑行,,5870,41.21,188,99,FALSE,,CAMP sr5,activities/20345904256.fit.gz,,10,5870,5504,41218.4,11.16,7.489,40,43,8,29,12,0,,,100,81,188,146,,133,1315,,28,99,,,,,,,,,,,0,,0,,1,,,,,,,,,,,,,,,,15903493,,,,,,,,,,,,7.022,0,,,,,0,,,,,,,,,,,,,,,,
19208670608,2026年7月4日 10:58:52,30公里/h后溜达骑,骑行,,1021,5.14,171,12,FALSE,,CAMP sr5,activities/20325625098.fit.gz,,10,1021,978,5144.4,7.5,5.26,8,7,6,14,27.3,0.1,,,85,66,171,142,,73,141,,29,12,,,,,,,,,,,0,,0,,1,,,,,,,,,,,,,,,,15903493,,,,,,,,,,,,5.039,0,,,,,0,,,,,,,,,,,,,,,,
19175114290,2026年7月4日 09:51:39,午后骑行,骑行,,4011,30.07,191,226,FALSE,,CAMP sr5,activities/20291493348.fit.gz,,10,4011,3566,30078.8,10.28,8.435,14,11,-19,22,15.3,0,,,107,88,191,180,,176,1018,,30,226,,,,,,,,,,,,,0,,1,,,,,,,,,,,,,,,,15903493,,,,,,,,,,,,7.499,0,,,,,0,,,,,,,,,,,,,,,,
19098405816,2026年6月28日 08:06:07,二刷首钢大桥,骑行,,17595,90.1,188,322,FALSE,,CAMP sr5,activities/20213643307.fit.gz,,10,17595,13749,90106.9,16.42,6.554,75,86,12,87,45.8,0,,,124,78,188,152,,118,2745,,31,322,,,,,,,,,,,0,,0,,1,,,,,,,,,,,,,,,,15903493,,,,,,,,,,,,5.121,0,,,,,0,,,,,,,,,,,,,,,,
19049416545,2026年6月24日 11:53:57,机场东路-日常40公里有氧,骑行,,6295,40.05,160,69,FALSE,,CAMP sr5,activities/20163861114.fit.gz,,10,6295,5704,40056.8,9.64,7.023,42,42,11,35,16.4,-0.1,,,107,81,160,139,,115,1238,,22,69,,,,,,,,,,,0,,0,,1,,,,,,,,,,,,,,,,15903493,,,,,,,,,,,,6.363,0,,,,,0,,,,,,,,,,,,,,,,
19035588321,2026年6月23日 11:54:22,下班休闲骑,骑行,本来要骑机场东路，骑到一半地上都是水，去公园里骑了好几圈,4398,27.02,162,29,FALSE,,CAMP sr5,activities/20149834356.fit.gz,,10,4398,4271,27028,10.24,6.328,46,51,7,24,19.8,0,,,110,75,162,128,,100,809,,21,29,,,,,,,,,,,0,,0,,1,,,,,,,,,,,,,,,,15903493,,,,,,,,,,,,6.146,0,,,,,0,,,,,,,,,,,,,,,,
18957775361,2026年6月17日 11:41:21,机场东路-有氧溜腿,骑行,,5821,40.1,164,65,FALSE,,CAMP sr5,activities/20070831084.fit.gz,,10,5821,5473,40107.5,11.02,7.328,42,51,8,38,20.8,0,,,118,82,164,139,,128,1269,,25,65,,,,,,,,,,,0,,0,,1,,,,,,,,,,,,,,,,15903493,,,,,,,,,,,,6.89,0,,,,,0,,,,,,,,,,,,,,,,
18903064301,2026年6月13日 07:17:38,雨战首钢大桥,骑行,,19257,90.04,191,276,FALSE,,CAMP sr5,activities/20015302593.fit.gz,,10,19257,13298,90043.6,18.587,6.771,120,126,7,93,46.7,0,,,130,79,191,149,,125,2801,,22,276,,,,,,,,,,,,,0,,1,,,,,,,,,,,,,,,,15903493,,,,,,,,,,,,4.676,0,,,,,0,,,,,,,,,,,,,,,,
18819281157,2026年6月7日 00:12:16,通州-雁西湖-京加路-雨战,骑行,"今天的目的地本来是雁西湖，到地方一看关了，顺着京加路骑了段距离，出了平原就开始爬坡，爬了好久，中间还下一阵大雨，在树下躲会雨。到达冷水峪开始返程，放坡下来的时候太爽了。
返程一路雨骑，身上快干的时候到顺义又下了，从顺义到通州身上都快干了，通州一点雨没下。
",27507,132.08,179,259,FALSE,,CAMP sr5,activities/19930118519.fit.gz,,10,27507,20137,132078.6,15.44,6.559,628,714,-5,269,49.5,0,,,125,72,179,139,,116,4014,,21,259,,,,,,,,,,,0,,0,,1,,,,,,,,,,,,,,,,15903493,,,,,,,,,,,2,4.802,0,,,,,0,,,,,,,,,,,,,,,,media/fe593484-ab24-48d0-91e5-e37546246c44.jpg|media/e9f08946-dfcb-4c38-aba4-ca6b8cdcea88.jpg|media/830cffaa-f9b7-49b0-b9f2-d4bb851a0319.jpg|media/e756cfb3-e1b0-483e-a6b0-50181990847d.jpg|media/967e322d-4757-4059-abc4-5c6dbbb6b96f.jpg|media/b15854b9-f163-4020-8532-57ab970267e4.jpg|media/accc246c-940f-4ede-8a66-0f0ee89a97e2.jpg|media/a56c7ad6-02da-4774-935c-74dc7958f307.jpg
18715407394,2026年5月30日 01:17:26,北京通州-天津之眼-220公里往返,骑行,"整体感觉:最累也是最爽的一次长途骑行

北京到天津:休闲骑，快到天津之眼的时候碰到个骑友搭伴给对方拍了照片。

天津到北京:手机放兜里，导航的时候只听声音，走错了好几个立交桥辅道，绕了5公里左右。阴差阳错碰到了2个回北京的骑友，一起骑回来了，一开始强度不大，35°骑不动。后来凉快下来稳定30+巡航。

要是碰不到他俩我休闲骑回来指不定几点了

还是组队骑车有意思，之前都是单飞",42744,220.31,182,814,FALSE,,CAMP sr5,activities/19824289947.fit.gz,,10,42744,31446,220309.1,11.12,7.006,261,255,-20,26,49.1,0,,,114,80,182,154,,121,6833,,34,814,,,,,,,,,,,,,0,,1,,,,,,,,,,,,,,,,15903493,,,,,,,,,,,,5.154,0,,,,,0,,,,,,,,,,,,,,,,media/d116cbd4-fb28-490a-9b43-a054f4c1e0f4.jpg|media/f59d6ba3-d905-4fcb-8211-a52132f60ac8.jpg|media/843317bd-7a7a-444b-9c74-738705d0e6a0.jpg
18661038476,2026年5月26日 11:32:34,机场东路有氧40公里,骑行,,5994,40.1,158,34,FALSE,,CAMP sr5,activities/19768929293.fit.gz,,10,5994,5698,40102.7,9.88,7.038,42,40,-9,31,27.9,0,,,113,80,158,129,,121,1230,,20,34,,,,,,,,,,,0,,0,,1,,,,,,,,,,,,,,,,15903493,,,,,,,,,,,,6.69,0,,,,,0,,,,,,,,,,,,,,,,
18620880113,2026年5月23日 03:10:27,通州-密云水库骑行,骑行,这次约了大学舍友一起骑的，这路线骑了好多次了??,33399,167.23,182,481,FALSE,,CAMP sr5,activities/19727924264.fit.gz,,10,33399,24447,167234.6,17.18,6.841,368,377,-5,192,46.3,0,,,137,79,182,148,,119,5191,,25,481,,,,,,,,,,,,,0,,1,,,,,,,,,,,,,,,,15903493,,,,,,,,,,,,5.007,0,,,,,0,,,,,,,,,,,,,,,,media/e0cdca47-626c-4414-a98c-aee709c8c27d.jpg|media/af469b6e-da5f-4249-b3f3-dfd98de1f926.jpg
18567238171,2026年5月19日 11:33:32,傍晚 骑行,骑行,,643,3.56,133,2,FALSE,,CAMP sr5,activities/19673432316.fit.gz,,10,643,605,3561.2,9.3,5.886,2,7,15,28,22.2,-0.1,,,95,71,133,122,,109,103,,24,2,,,,,,,,,,,,,0,,1,,,,,,,,,,,,,,,,15903493,,,,,,,,,,,,5.538,0,,,,,0,,,,,,,,,,,,,,,,
18554579442,2026年5月18日 11:25:59,机场东路-工作日-40公里日常骑行,骑行,,6211,40.1,172,82,FALSE,,CAMP sr5,activities/19660677063.fit.gz,,10,6211,5439,40100.1,11.14,7.373,40,46,4,36,17.9,-0.1,,,111,83,172,143,,129,1262,,21,82,,,,,,,,,,,0,,0,,1,,,,,,,,,,,,,,,,15903493,,,,,,,,,,,,6.456,0,,,,,0,,,,,,,,,,,,,,,,
18504107723,2026年5月14日 11:37:31,机场东路-工作日下班骑行,骑行,,5454,40.11,192,178,FALSE,,CAMP sr5,activities/19609613329.fit.gz,,10,5454,5192,40112.6,11.8,7.726,51,59,-20,29,21.5,0.1,,,120,87,192,162,,143,1306,,24,178,,,,,,,,,,,0,,0,,1,,,,,,,,,,,,,,,,15903493,,,,,,,,,,,,7.355,0,,,,,0,,,,,,,,,,,,,,,,
18383772675,2026年5月4日 23:47:23,承德-北京通州-单飞,骑行,新成就:承德骑行到北京,40873,207.97,188,733,FALSE,,CAMP sr5,activities/19488177722.fit.gz,,10,40873,32631,207968.8,14.4,6.373,939,1199,-1,718,39.6,-0.2,,,121,77,188,150,,107,6354,,26,733,,,,,,,,,,,,,0,,1,,,,,,,,,,,,,,,,15903493,,,,,,,,,,,,5.088,0,,,,,0,,,,,,,0,0,,,,0,,,,
18329722288,2026年4月30日 22:30:11,北京-承德-190公里,骑行,最近骑车总是岔气，很难受，今天100公里左右开始岔气，硬挺了90公里??。比上次十月一骑回来多了一个半小时,40836,190.11,185,713,FALSE,,CAMP sr5,activities/19433454017.fit.gz,,10,40836,31836,190114.8,16.27,5.972,1184,897,-20,715,48.1,0.2,,,117,73,185,150,,109,5735,,26,713,,,,,,,,,,,0,,0,,1,,,,,,,,,,,,,,,,15903493,,,,,,,,,,,,4.656,0,,,,,0,,,,,,,0,0,,,,0,,,,media/92da3bff-04d0-45ab-a95b-5aabe92eeee5.jpg
18250793431,2026年4月25日 01:35:58,通州-密云水库往返,骑行,"去的时候无风，到达密云碰到马拉松封路，绕路去的。从水库下来走了一段越野路线（名字叫小石路），在那种山沟里，带爬坡的越野，真怕爆胎。
北京刮了快一个月西北风，本来想着今天上午去没风，下午回来顺风。下午回来竟然刮起了南风，无奈了。回来的路上逆风加岔气??",36208,169.1,176,507,FALSE,,CAMP sr5,activities/19353815874.fit.gz,,10,36208,27496,169103,14.32,6.15,477,456,6,189,44.2,0,,,125,78,176,147,,100,5060,,26,507,,,,,,,,,,,,,0,,1,,,,,,,,,,,,,,,,15903493,,,,,,,,,,,,4.67,0,,,,,0,,,,,,,0,0,,,,0,,,,media/2cbb05a9-52be-40cb-893f-6894130c55cd.jpg|media/426e477d-e8cc-4d4e-9321-2a88f1ec7d5b.jpg|media/ee645066-da7d-4884-b2a4-a7e09ac55fa0.jpg|media/41f228c6-7b02-4761-81d0-d9237b022c24.jpg|media/1a833f6c-6b82-4a49-b626-b86b8b1590b5.jpg|media/5767be72-857e-4497-b442-996782a2f9b8.jpg|media/226cb55b-5285-4ada-a466-2ddc02a453df.jpg
18166912173,2026年4月19日 04:57:55,温榆河绕圈,骑行,西北风3级，去的时候逆风回来顺风。有风骑得好累,7510,45.62,189,212,FALSE,,CAMP sr5,activities/19269271405.fit.gz,,10,7510,6627,45624.2,11.88,6.885,170,188,0,60,26.1,-0.1,,,111,78,189,159,,122,1370,,19,212,,,,,,,,,,,0,,0,,1,,,,,,,,,,,,,,,,15903493,,,,,,,,,,,,6.075,0,,,,,0,,,,,,,0,0,,,,0,,,,
18065087408,2026年4月11日 05:40:05,通州到怀柔，绕怀柔水库一圈。,骑行,去的时候还挺爽，回来的路上腿酸，骑不动，太难了,22034,109.72,193,520,FALSE,,CAMP sr5,activities/19166518888.fit.gz,,10,22034,16964,109719.8,12.7,6.468,277,278,0,68,21.3,0,,,113,77,193,158,,109,3325,,21,520,,,,,,,,,,,0,,0,,1,,,,,,,,,,,,,,,,15903493,,,,,,,,,,,,4.98,0,,,,,0,,,,,,,0,0,,,,0,,,,media/ca7bf19b-23e5-456f-9b71-c38beb7d8876.jpg|media/7d9eb06d-ab68-4427-962d-0aad8110abb7.jpg
17970469032,2026年4月4日 06:05:31,26年第一骑,骑行,距离上次骑车过了5个月，心肺有点跟不上腿，今天的3三级风有点东西,4785,29.84,182,177,FALSE,,CAMP sr5,activities/19070785143.fit.gz,,10,4785,4688,29847.3,14.08,6.367,138,122,-9,13,18.9,0,,,107,76,182,164,,105,867,,20,177,,,,,,,,,,,0,,0,,1,,,,,,,,,,,,,,,,15903493,,,,,,,,,,,,6.238,0,,,,,0,,,,,,,0,0,,,,0,,,,
17970468996,2025年10月4日 03:31:28,上午 骑行,骑行,,390,2.29,,,FALSE,,CAMP sr5,activities/19070785065.fit.gz,,10,390,390,2299,7.26,5.895,1,3,360,371,10,0.3,,,88,73,,,,94,68,,24,,,,,,,,,,,,,,0,,1,,,,,,,,,,,,,,,,15903493,,,,,,,,,,,,5.895,0,,,,,0,,,,,,,,,,,,,,,,
15983839764,2025年9月29日 22:18:23,北京-承德单飞190公里,骑行,"沿着G101骑回承德，成就达成。
总时间10个小时，比预想的快了2个小时，到家太阳还没下山
3级坡果然厉害，爬到崩溃
",36040,190.79,183,620,FALSE,,CAMP sr5,activities/17065384361.fit.gz,,10,36040,28835,190793.2,18.42,6.617,1094,845,7,712,46.2,0.2,,,133,82,183,150,,129,5965,,23,620,,,,,,,,,,,,,0,,1,,,,,,,,,,,,,,,,15903493,,,,,,,,,,,,5.294,0,,,,,0,,,,,,,0,,,,,,,,,
15950614386,2025年9月27日 05:43:56,下午 骑行,骑行,,13471,83.35,175,241,FALSE,,CAMP sr5,activities/17031483346.fit.gz,,10,13471,11071,83355.2,11.04,7.529,171,173,6,49,41.2,0,,,125,85,175,151,,139,2707,,13,241,,,,,,,,,,,,,0,,1,,,,,,,,,,,,,,,,15903493,,,,,,,,,,,,6.188,0,,,,,0,,,,,,,,,,,,,,,,
15875543465,2025年9月20日 07:29:43,通州-顺义-怀柔往返,骑行,零速摔后恢复骑行，还是有点不适应，上周的巅峰达不到了??,16850,84.23,174,247,FALSE,,CAMP sr5,activities/16954505286.fit.gz,,10,16850,11131,84229.3,13.507,7.567,69,82,9,54,39,0,,,118,85,174,151,,138,2732,,23,247,,,,,,,,,,,0,,0,,1,,,,,,,,,,,,,,,,15903493,,,,,,,,,,,,4.999,0,,,,,0,,,,,,,0,,,,,,,,,
15853855894,2025年9月18日 12:12:14,温榆河骑行,骑行,零速摔后恢复骑行，膝盖有点痛不敢用力骑,4126,29.8,162,55,FALSE,,CAMP sr5,activities/16932257546.fit.gz,,10,4126,4057,29801.5,10.12,7.346,12,14,12,26,19,0,,,102,85,162,142,,132,921,,16,55,,,,,,,,,,,0,,0,,1,,,,,,,,,,,,,,,,15903493,,,,,,,,,,,,7.223,0,,,,,0,,,,,,,0,,,,,,,,,
15795504619,2025年9月13日 10:15:35,零速摔后溜达骑,骑行,摔到膝盖，一开始很疼，蹬不了，只能慢慢溜达了,2460,12.86,144,9,FALSE,,CAMP sr5,activities/16871791519.fit.gz,,10,2460,2194,12867.5,8.88,5.865,33,22,3,19,20.4,0,,,111,76,144,124,,88,367,,22,9,,,,,,,,,,,0,,0,,1,,,,,,,,,,,,,,,,15903493,,,,,,,,,,,,5.231,0,,,,,0,,,,,,,0,,,,,,,,,
15795504568,2025年9月13日 07:06:11,通州到怀柔，G101,骑行,今天调了座高和锁踏的位置，可能是调到了最佳状态，发力比之前轻松而且速度还快，均速达到29.5。回程的时候在一个红绿灯中间零速摔，均速也就截止到29.5了，膝盖同样的位置又受伤了，第一次零速摔就受伤??。要不是摔车今天就均速30了，可惜,10521,77.37,177,254,FALSE,,CAMP sr5,activities/16871791356.fit.gz,,10,10521,9453,77375.4,12.54,8.185,119,117,8,45,20,0,,,117,89,177,156,,165,2606,,26,254,,,,,,,,,,,0,,0,,1,,,,,,,,,,,,,,,,15903493,,,,,,,,,,,,7.354,0,,,,,0,,,,,,,0,,,,,,,,,
15775159829,2025年9月11日 11:40:14,傍晚 骑行,骑行,,6070,40.31,172,67,FALSE,,CAMP sr5,activities/16850274960.fit.gz,,10,6070,5521,40311.5,12.34,7.301,42,47,9,36,28.6,0,,,112,86,172,139,,125,1278,,23,67,,,,,,,,,,,,,0,,1,,,,,,,,,,,,,,,,15903493,,,,,,,,,,,,6.641,0,,,,,0,,,,,,,,,,,,,,,,
15763704516,2025年9月10日 11:29:40,傍晚 骑行,骑行,,6050,40.28,181,80,FALSE,,CAMP sr5,activities/16838174579.fit.gz,,10,6050,5317,40280.4,11.6,7.576,43,47,8,30,20.8,0,,,119,87,181,142,,137,1293,,23,80,,,,,,,,,,,,,0,,1,,,,,,,,,,,,,,,,15903493,,,,,,,,,,,,6.658,0,,,,,0,,,,,,,,,,,,,,,,
15751070265,2025年9月9日 11:24:40,机场东路,骑行,骑到一半下雨了，猛蹬到家，到家正好下大，今天第一次穿锁鞋，没有零速摔，丝瓜解锁，后悔锁鞋上晚了,3203,22.8,182,53,FALSE,,CAMP sr5,activities/16824864478.fit.gz,,10,3203,3030,22806.3,12.7,7.527,30,37,3,19,19.4,0,,,122,82,182,146,,144,731,,25,53,,,,,,,,,,,0,,0,,1,,,,,,,,,,,,,,,,15903493,,,,,,,,,,,,7.12,0,,,,,0,,,,,,,0,,,,,,,,,
15716838443,2025年9月6日 08:40:46,骑行环北京二环,骑行,从车店修完车就丝滑出发了，上次桶轴松了，我自己拧的，结果这两周自带20%的刹车骑行??，我说怎么骑着有点费劲呢。调好刹车和变速骑的非常丝滑，再加上今天我洗了链条，和新车一样,16240,85.8,190,230,FALSE,,CAMP sr5,activities/16788572681.fit.gz,,10,16240,12876,85804.7,14.36,6.664,68,68,9,57,44.2,0,,,120,78,190,146,,125,2650,,28,230,,,,,,2,,,,,0,60,0,,1,,,,,,,,,,,,,,,,15903493,,,,,,,,,,,,5.284,0,,,,,0,,,,,,,0,,,,,,,,,media/5320a863-d577-4a18-86ae-8baadefeee9d.jpg|media/f9653a98-12c7-44ae-8faa-27d1ecd17a65.jpg|media/dd4b6fcc-f783-44b7-8d7d-2ee1c8576cb2.jpg|media/e7f872d8-0c15-455c-915f-71e997d5b083.jpg|media/1e3a1ed8-884a-48de-93aa-65cc15d35ec0.jpg|media/bafa1084-05c0-46cc-a595-fb5edf8c0500.jpg|media/fb706e58-ca1f-4cce-b301-ba7d2d39b13d.jpg
15694342969,2025年9月4日 11:21:24,机场东路,骑行,,6204,40.11,171,74,FALSE,,CAMP sr5,activities/16764689952.fit.gz,,10,6204,5525,40111.5,13.16,7.26,40,47,10,30,14.3,0,,,109,83,171,141,,124,1258,,25,74,,,,,,,,,,,,,0,,1,,,,,,,,,,,,,,,,15903493,,,,,,,,,,,,6.465,0,,,,,0,,,,,,,0,,,,,,,,,
15670762821,2025年9月2日 11:26:59,傍晚 骑行,骑行,,6691,42.59,182,77,FALSE,,CAMP sr5,activities/16738644951.fit.gz,,10,6691,6161,42591.8,11.84,6.913,37,46,8,32,18,0,,,107,81,182,140,,116,1309,,25,77,,,,,,,,,,,,,0,,1,,,,,,,,,,,,,,,,15903493,,,,,,,,,,,,6.366,0,,,,,0,,,,,,,,,,,,,,,,
15637460816,2025年8月30日 02:22:04,物资学院单飞太师屯往返200公里,骑行,"去的时候走的密古路，全是上坡和下坡，下坡很爽，上坡很累??。回来的时候走的G101国道非常丝滑刷新最快速度54.6km/h
",40486,200.08,185,589,FALSE,,CAMP sr5,activities/16701993017.fit.gz,,10,40486,30787,200083.4,15.12,6.499,746,732,7,253,40.3,0,,,127,80,185,148,,115,6123,,27,589,,,,,,,,,,,,,0,,1,,,,,,,,,,,,,,,,15903493,,,,,,,,,,,,4.942,0,,,,,0,,,,,,,0,,,,,,,,,media/119384cb-54b2-4864-a9e5-cc7585345ad4.jpg
15616152015,2025年8月28日 12:07:10,傍晚 骑行,骑行,,4898,35.32,180,108,FALSE,,CAMP sr5,activities/16678798179.fit.gz,,10,4898,4615,35322.6,11.4,7.654,28,37,6,29,23,0,,,119,89,180,152,,140,1024,,23,108,,,,,,,,,,,,,0,,1,,,,,,,,,,,,,,,,15903493,,,,,,,,,,,,7.212,0,,,,,0,,,,,,,,,,,,,,,,
15602181613,2025年8月26日 11:33:01,傍晚骑行,骑行,,7199,40.78,162,34,FALSE,,CAMP sr5,activities/16663937004.fit.gz,,10,7199,6665,40779.8,9.74,6.118,45,45,11,67,26.3,-0.1,,,95,72,162,122,,93,1241,,25,34,,,,,,,,,,,,,0,,1,,,,,,,,,,,,,,,,15903493,,,,,,,,,,,,5.665,0,,,,,0,,,,,,,,,,,,,,,,
15524796532,2025年8月20日 12:10:26,温榆河刷新PR,骑行,骑了快1500公里有氧，偶尔来个阈值训练也不错,3763,30.03,194,144,FALSE,,CAMP sr5,activities/16579441076.fit.gz,,10,3763,3763,30036,10.64,7.982,8,7,6,30,10.3,0,,,97,82,194,164,,157,1004,,26,144,,,,,,,,,,,0,,0,,1,,,,,,,,,,,,,,,,15903493,,,,,,,,,,,,7.982,0,,,,,0,,,,,,,0,,,,,,,,,
15500801381,2025年8月18日 11:34:54,机场东路有氧骑行,骑行,休闲骑，恢复骑行,6935,40.2,149,27,FALSE,,CAMP sr5,activities/16553938364.fit.gz,,10,6935,6648,40204,8.3,6.048,36,40,3,35,10.5,0,,,98,71,149,120,,88,1212,,27,27,,,,,,,,,,,,,0,,1,,,,,,,,,,,,,,,,15903493,,,,,,,,,,,,5.797,0,,,,,0,,,,,,,,,,,,,,,,
15479454257,2025年8月16日 02:29:59,单飞密云水库往返,骑行,喝了8瓶水，吃了3根能量胶，吃了2次刀削面，轻松拿下，下次沿着G101 骑回承德,36653,165.44,182,411,FALSE,,CAMP sr5,activities/16530978794.fit.gz,,10,36653,25404,165447.2,11.94,6.513,240,241,7,115,23.8,0,,,124,80,182,144,,103,5181,,29,411,,,,,,1,,,,,0,56,0,,1,,,,,,,,,,,,,,,,15903493,,,,,,,,,,,,4.514,0,,,,,0,,,,,,,,,,,,,,,,
15445225418,2025年8月13日 11:52:48,机场东路有氧骑行,骑行,休闲骑，立秋后晚上骑车还有点凉,5671,36.59,171,72,FALSE,,CAMP sr5,activities/16494435067.fit.gz,,10,5671,5238,36592.5,11.24,6.986,28,30,6,50,19,-0.1,,,114,82,171,142,,118,1166,,23,72,,,,,,,,,,,,,0,,1,,,,,,,,,,,,,,,,15903493,,,,,,,,,,,,6.453,0,,,,,0,,,,,,,,,,,,,,,,
15411952792,2025年8月10日 11:21:22,机场东路,骑行,本来想刷均速PR，去的时候均速28回来的时候没劲了，还得练,4350,30.03,177,142,FALSE,,CAMP sr5,activities/16458844903.fit.gz,,10,4350,4030,30035.2,9.88,7.453,28,25,3,28,23.6,0,,,122,90,177,163,,133,996,,28,142,,,,,,,,,,,,,0,,1,,,,,,,,,,,,,,,,15903493,,,,,,,,,,,,6.905,0,,,,,0,,,,,,,,,,,,,,,,
15398020862,2025年8月9日 03:56:25,二刷雁西湖,骑行,天气热蹬不快，蹬快了心率爆了，回来的时候全程树荫非常nice,27814,114.98,183,410,FALSE,,CAMP sr5,activities/16443950645.fit.gz,,10,27814,18344,114982.1,10.78,6.268,195,184,-2,78,21.5,0,,,124,79,183,151,,102,3509,,33,410,,,,,,,,,,,,,0,,1,,,,,,,,,,,,,,,,15903493,,,,,,,,,,,,4.134,0,,,,,0,,,,,,,,,,,,,,,,
15398016835,2025年8月9日 03:29:54,午间骑行,骑行,,634,3.53,131,1,FALSE,,CAMP sr5,activities/16443946963.fit.gz,,10,634,578,3535.6,11.023,6.117,5,4,-20,21,43.5,0.9,,,97,75,131,115,,128,100,,33,1,,,,,,,,,,,,,0,,1,,,,,,,,,,,,,,,,15903493,,,,,,,,,,,,5.577,0,,,,,0,,,,,,,,,,,,,,,,
15385015736,2025年8月7日 12:21:41,休闲骑，尾勾坏了 大盘没发骑,骑行,,4841,25.35,167,42,FALSE,,CAMP sr5,activities/16430070008.fit.gz,,10,4841,4151,25355.3,9.96,6.108,19,25,10,46,40,0,,,102,74,167,136,,107,772,,29,42,,,,,,,,,,,,,0,,1,,,,,,,,,,,,,,,,15903493,,,,,,,,,,,,5.238,0,,,,,0,,,,,,,,,,,,,,,,
15353606935,2025年8月5日 11:56:10,上次雁栖湖摔伤后首次恢复骑行，休闲骑，通济路拉爆几个团骑友,骑行,,7114,37.22,182,45,FALSE,,CAMP sr5,activities/16396593001.fit.gz,,10,7114,6248,37222.1,9.52,5.957,28,33,7,65,38.5,0,,,90,70,182,130,,101,1130,,28,45,,,,,,,,,,,0,,0,,1,,,,,,,,,,,,,,,,15903493,,,,,,,,,,,,5.232,0,,,,,0,,,,,,,,,,,,,,,,
15242203918,2025年7月26日 05:49:16,物资学院雨中单飞雁栖湖,骑行,去的时候下了2场雨没啥事，从怀柔回来的时候下了一阵暴雨，地上湿透了，我的车也变成了战损版本,24386,112.86,191,551,FALSE,,CAMP sr5,activities/16277417692.fit.gz,,10,24386,16812,112865.7,10.77,6.74,214,271,6,84,47.1,0,,,113,78,191,159,,116,3589,,30,551,,,,,,,,,,,0,,0,,1,,,,,,,,,,,,,,,,15903493,,,,,,,,,,,,4.628,0,,,,,0,,,,,,,,,,,,,,,,media/4f8371fa-18c8-43e6-bdcf-3f103cdaca01.jpg|media/85a3a45a-c50c-404b-b342-e6275cba6a09.jpg
15150560009,2025年7月17日 11:28:49,机场东路均速PR,骑行,,5982,40.03,182,179,FALSE,,CAMP sr5,activities/16178014986.fit.gz,,10,5982,5375,40035.8,11.08,7.449,42,47,5,41,35.1,-0.1,,,104,85,182,161,,134,1337,,27,179,,,,,,,,,,,,,0,,1,,,,,,,,,,,,,,,,15903493,,,,,,,,,,,0,6.693,0,,,,,,,,,,,,,,,,,,,,,
15100760756,2025年7月13日 11:57:49,机场骑行，干就完了,骑行,,5990,40.03,182,169,FALSE,,CAMP sr5,activities/16123546595.fit.gz,,10,5990,5649,40035.3,10.12,7.087,38,42,8,46,20.2,-0.1,,,108,82,182,163,,117,1291,,28,169,,,,,,,,,,,0,,0,,1,,,,,,,,,,,,,,,,15903493,,,,,,,,,,,0,6.684,0,,,,,,,,,,,,,,,,,,,,,
15045824893,2025年7月8日 11:43:34,首都机场首骑,骑行,,6215,40.34,175,81,FALSE,,CAMP sr5,activities/16063433058.fit.gz,,10,6215,5847,40343.5,11.02,6.9,45,47,-10,32,46.3,0.1,,,114,79,175,146,,119,1287,,27,81,,,,,,,,,,,0,,0,,1,,,,,,,,,,,,,,,,15903493,,,,,,,,,,,0,6.491,0,,,,,,,,,,,,,,,,,,,,,
15013618355,2025年7月5日 05:37:08,通州密云水库单飞，挑战高温骑行,骑行,,19487,79.19,182,363,FALSE,,CAMP sr5,activities/16027868605.fit.gz,,10,19487,13437,79190.6,13.54,5.893,168,134,7,197,41.7,0.2,,,103,74,182,160,,98,2396,,29,363,,,,,,,,,,,0,,0,,1,,,,,,,,,,,,,,,,15903493,,,,,,,,,,,0,4.064,0,,,,,,,,,,,,,,,,,,,,,media/8328cf71-74e1-4b48-9193-b696bf269e79.jpg|media/3a668c01-1a0b-4aca-b849-b105bc899030.jpg
14983402253,2025年7月2日 11:22:25,傍晚 骑行,骑行,,4977,30.96,188,98,FALSE,,CAMP sr5,activities/15994490011.fit.gz,,10,4977,4313,30959.8,11.78,7.178,31,34,8,26,22.5,0,,,108,83,188,156,,128,1019,,26,98,,,,,,,,,,,,,0,,1,,,,,,,,,,,,,,,,15903493,,,,,,,,,,,0,6.221,0,,,,,,,,,,,,,,,,,,,,,
14911527651,2025年6月25日 12:02:34,傍晚 骑行,骑行,,4879,31.26,191,101,FALSE,,CAMP sr5,activities/15915681224.fit.gz,,10,4879,4420,31267.1,10.88,7.074,37,41,6,24,32.6,0,,,103,78,191,156,,130,1022,,29,101,,,,,,,,,,,,,0,,1,,,,,,,,,,,,,,,,15903493,,,,,,,,,,,0,6.409,0,,,,,,,,,,,,,,,,,,,,,
14890442547,2025年6月23日 12:08:55,傍晚 骑行,骑行,,5196,30.19,188,91,FALSE,,CAMP sr5,activities/15892897943.fit.gz,,10,5196,4344,30193.2,10.48,6.951,21,22,-4,21,39,0,,,96,75,188,154,,125,976,,30,91,,,,,,,,,,,,,0,,1,,1750680064,3,31.1,31.3,17.1,0.43,1003,2.2,4.8,157,0,1750625152,1750679168,0.875,15903493,,0,1,0.84,17145.6,0,,,,,0,5.811,0,,,,,,,,,,,,,,,,,,,,,
14869669876,2025年6月21日 11:19:51,傍晚 骑行,骑行,,4043,30.03,188,133,FALSE,,CAMP sr5,activities/15870243288.fit.gz,,10,4043,4043,30032.9,10.28,7.428,11,10,-1,25,13.8,0,,,101,84,188,165,,133,958,,26,133,,,,,,,,,,,,,0,,1,,1750503552,1,30.9,31.3,13.2,0.34,1004.3,1.6,4.6,165,0,1750452352,1750506368,0.875,15903493,,0,1,0,19025.8,0,,,,,0,7.428,0,,,,,,,,,,,,,,,,,,,,,
14806733169,2025年6月15日 09:54:18,傍晚 骑行,骑行,今天首次骑到天安门，前几次骑行都没让过,8120,46.37,193,182,FALSE,,CAMP sr5,activities/15802098102.fit.gz,,10,8120,6449,46372.6,19.34,7.191,25,24,11,43,28.8,0,,,112,81,193,161,,133,1515,,24,182,,,,,,,,,,,0,,0,,1,,1749977984,1,25.5,27.3,13.4,0.47,992,1.5,3.3,27,0.1,1749933824,1749987840,0.625,15903493,,0.8,5,0.12,18403.9,1,,,,,0,5.711,0,,,,,,,,,,,,,,,,,,,,,media/8bb96a81-d75e-415d-9091-6a30e1b70e83.jpg|media/137a5973-a7d6-4d36-90be-dce31c4c30a6.jpg|media/fa02cba6-8396-4df9-854c-0e4479b5c31e.jpg|media/31cbfc90-4298-4af7-9dab-a365bedd2882.jpg|media/78ee857a-32f0-4b12-9616-68f0c5cf676b.jpg|media/cac4b16e-e16c-49f7-b2e6-0cddebf9d0f6.jpg|media/1d963dda-8c59-4afc-b4a2-4a130cbf9556.jpg
14776650832,2025年6月12日 11:47:21,傍晚 骑行,骑行,,6334,31.34,176,80,FALSE,,CAMP sr5,activities/15769511981.fit.gz,,10,6334,4879,31339.3,10.5,6.423,29,41,7,32,23.5,0,,,98,73,176,143,,103,978,,29,80,,,,,,,,,,,,,0,,1,,1749725952,3,32.9,32.1,14.1,0.32,1004.8,4.3,8.8,168,0,1749674624,1749728512,0.625,15903493,,0.4,5,0.98,16088.8,0,,,,,0,4.948,0,,,,,,,,,,,,,,,,,,,,,
14754985108,2025年6月10日 12:17:12,傍晚 骑行,骑行,,5342,31.28,183,125,FALSE,,CAMP sr5,activities/15746145168.fit.gz,,10,5342,4490,31288,9.86,6.968,26,26,5,28,15.3,0,,,105,80,183,155,,121,1018,,27,125,,,,,,,,,,,,,0,,1,,1749556736,1,26.7,25,7.7,0.3,1007.3,3.4,6.7,206,0,1749501824,1749555712,0.375,15903493,,0,1,0.15,18035.2,0,,,,,0,5.857,0,,,,,,,,,,,,,,,,,,,,,
14704455627,2025年6月5日 11:57:55,傍晚 骑行,骑行,,5785,31.22,194,120,FALSE,,CAMP sr5,activities/15691539126.fit.gz,,10,5785,4879,31226.2,9.9,6.4,24,24,-20,32,27,0.1,,,106,71,194,152,,104,978,,30,120,,,,,,,,,,,,,0,,1,,1749121152,3,34,33.7,11.2,0.25,998.3,2.7,6.6,197,0,1749069952,1749123584,0.375,15903493,,0,1,0.79,20903.5,0,,,,,0,5.398,0,,,,,,,,,,,,,,,,,,,,,
14620589973,2025年5月28日 12:38:43,傍晚 骑行,骑行,,2348,17.05,171,71,FALSE,,CAMP sr5,activities/15601414207.fit.gz,,10,2348,2327,17058.7,9,7.331,4,3,14,26,9,0,,,98,83,171,158,,127,551,,23,71,,,,,,,,,,,,,0,,1,,1748433664,1,26.2,25.1,12.6,0.43,1011.5,2.4,5.9,180,0,1748379008,1748432000,0.125,15903493,,0,1,0,19835.1,0,,,,,0,7.265,0,,,,,,,,,,,,,,,,,,,,,
14620589730,2025年5月28日 12:36:17,傍晚 骑行,骑行,,75,0.16,120,0,FALSE,,CAMP sr5,activities/15601414128.fit.gz,,10,75,33,162.9,5.76,4.936,2,0,19,23,9.7,0,,,71,59,120,101,,177,4,,25,0,,,,,,,,,,,,,0,,1,,1748433664,1,26.2,25.1,12.6,0.43,1011.5,2.4,5.9,180,0,1748379008,1748432000,0.125,15903493,,0,1,0,19835.1,0,,,,,0,2.172,0,,,,,,,,,,,,,,,,,,,,,
14610369998,2025年5月27日 11:40:22,傍晚 骑行,骑行,,7249,31.43,175,64,FALSE,,CAMP sr5,activities/15590466583.fit.gz,,10,7249,5125,31436.2,9.7,6.134,72,77,6,29,46.7,0,,,99,66,175,137,,,977,,5,64,,,,,,,,,,,,,0,,1,,1748343552,3,27.8,27.3,11.7,0.37,1012.2,2.2,5.3,170,0,1748292608,1748345600,0.875,15903493,,0,1,1,19570.5,0,,,,,0,4.337,0,,,,,,,,,,,,,,,,,,,,,
14579464625,2025年5月24日 10:38:39,傍晚 骑行,骑行,,6785,41,193,250,FALSE,,CAMP sr5,activities/15557110796.fit.gz,,10,6785,5759,41002.5,12.67,7.12,44,42,4,41,28.6,0,,,109,80,193,167,,,1331,,25,250,,,,,,,,,,,,,0,,1,,1748080768,1,27.4,28.1,5.6,0.25,1011.2,2.7,5.9,208,0,1748033536,1748086144,0.875,15903493,,0,1,0,19630.4,0,,,,,0,6.043,0,,,,,,,,,,,,,,,,,,,,,
14539498352,2025年5月20日 12:03:24,傍晚 骑行,骑行,,5286,30.58,188,129,FALSE,,CAMP sr5,activities/15514199290.fit.gz,,10,5286,4375,30580.9,10.9,6.99,48,47,6,25,20.8,0,,,104,75,188,156,,,993,,25,129,,,,,,,,,,,,,0,,1,,,,,,,,,,,,,,,,15903493,,,,,,,,,,,0,5.785,0,,,,,,,,,,,,,,,,,,,,,
14455444776,2025年5月12日 11:35:57,傍晚 骑行,骑行,,2629,17.95,179,100,FALSE,,CAMP sr5,activities/15422991298.fit.gz,,10,2629,2504,17957.6,9.14,7.172,3,2,-14,20,18.2,0,,,97,82,179,164,,,564,,22,100,,,,,,,,,,,,,0,,1,,,,,,,,,,,,,,,,15903493,,,,,,,,,,,0,6.831,0,,,,,,,,,,,,,,,,,,,,,
14435056406,2025年5月10日 09:50:02,傍晚 骑行,骑行,,9705,48.64,193,245,FALSE,,CAMP sr5,activities/15401356006.fit.gz,,10,9705,7674,48644.9,13.193,6.339,65,55,0,43,40.5,0,,,112,73,193,158,,,1502,,21,245,,,,,,,,,,,,,0,,1,,,,,,,,,,,,,,,,15903493,,,,,,,,,,,0,5.012,0,,,,,,,,,,,,,,,,,,,,,
14281448632,2025年4月25日 12:00:19,傍晚 骑行,骑行,,2107,15.22,184,79,FALSE,,CAMP sr5,activities/15240128582.fit.gz,,10,2107,2107,15228.7,9.14,7.228,2,2,12,37,9.3,0,,,99,83,184,162,,,485,,17,79,,,,,,,,,,,,,0,,1,,,,,,,,,,,,,,,,15903493,,,,,,,,,,,0,7.228,0,,,,,,,,,,,,,,,,,,,,,
14237883771,2025年4月19日 08:21:21,北京四环骑行,骑行,物资学院-东四环-北四环-西四环-南四环-东四环-物资学院,20638,100.71,194,512,FALSE,,CAMP sr5,activities/15194650136.gpx.gz,,,20638,16082,100711.4,18.315,6.262,172.3,173.2,21.1,64.9,8.3,0,,,108,75,194,158,,,,,19,512,,,,,,2,,,,,,75,0,,1,,,,,,,,,,,,,,,,15903493,,,,,,,,,,,0,4.88,0,,,,,,,,,,,,,,,,,,,,,
14237984398,2025年4月16日 11:59:07,傍晚骑行,骑行,,5730,31.38,201,217,FALSE,,CAMP sr5,activities/15194757940.fit.gz,,10,5730,4599,31383,10.1,6.824,34,38,8,21,27.6,0,,,103,79,201,169,,,1015,,19,217,,,,,,,,,,,,,0,,1,,,,,,,,,,,,,,,,15903493,,,,,,,,,,,0,5.477,0,,,,,,,,,,,,,,,,,,,,,
14237984397,2025年4月14日 12:03:43,傍晚骑行,骑行,,5185,22.1,191,112,FALSE,,CAMP sr5,activities/15194757936.fit.gz,,10,5185,3631,22102,10.88,6.087,22,25,11,30,26.8,0,,,109,69,191,157,,,680,,17,112,,,,,,,,,,,,,0,,1,,,,,,,,,,,,,,,,15903493,,,,,,,,,,,0,4.263,0,,,,,,,,,,,,,,,,,,,,,
14237984385,2025年4月10日 11:40:09,傍晚骑行,骑行,,2490,15.94,177,75,FALSE,,CAMP sr5,activities/15194757933.fit.gz,,10,2490,2490,15946.8,10.1,6.404,4,5,3,24,8.2,0,,,93,74,177,157,,,487,,20,75,,,,,,,,,,,,,0,,1,,,,,,,,,,,,,,,,15903493,,,,,,,,,,,0,6.404,0,,,,,,,,,,,,,,,,,,,,,
14237984396,2025年3月23日 09:24:03,午后骑行,骑行,,4870,29.46,189,194,FALSE,,CAMP sr5,activities/15194757930.fit.gz,,10,4870,4291,29467.1,9.52,6.867,8,7,0,34,40.7,0,,,98,78,189,168,,,924,,21,194,,,,,,,,,,,,,0,,1,,,,,,,,,,,,,,,,15903493,,,,,,,,,,,0,6.051,0,,,,,,,,,,,,,,,,,,,,,
14237984387,2025年3月20日 12:26:46,傍晚骑行,骑行,,2549,15.65,187,56,FALSE,,CAMP sr5,activities/15194757912.fit.gz,,10,2549,2549,15649,10.36,6.139,39,40,-13.2,20,16.2,0.1,,,90,73,187,149,,,31,,,56,,,,,,,,,,,,,0,,1,,,,,,,,,,,,,,,,15903493,,,,,,,,,,,0,6.139,0,,,,,,,,,,,,,,,,,,,,,
13932349748,2025年3月18日 12:11:55,傍晚骑行,骑行,,2813,15.06,,,FALSE,,,activities/14871421155.fit.gz,,,2813,2376,15065.3,9.18,6.341,4,6,-13,29,9.1,0.2,,,,0,,,,,398,,8,,,,,,,,,,,,,,0,,1,,,,,,,,,,,,,,,,,,,,,,,,,,,0,5.356,0,,,,,,,,,,,,,,,,,,,,,
14237984386,2025年3月16日 10:36:51,傍晚骑行,骑行,,2073,11.5,,,FALSE,,CAMP sr5,activities/15194757921.fit.gz,,10,2073,2013,11499.8,8.98,5.713,6,6,-6,22,46.7,0.1,,,,0,,0,,,293,,8,,,,,,,,,,,,,,0,,1,,,,,,,,,,,,,,,,15903493,,,,,,,,,,,0,5.547,0,,,,,,,,,,,,,,,,,,,,,
